paper_id,title,summary,published,authors,pdf_url
2201.00978v1,PyramidTNT: Improved Transformer-in-Transformer Baselines with Pyramid Architecture,"Transformer networks have achieved great progress for computer vision tasks. Transformer-in-Transformer (TNT) architecture utilizes inner transformer and outer transformer to extract both local and global representations. In this work, we present new TNT baselines by introducing two advanced designs: 1) pyramid architecture, and 2) convolutional stem. The new ""PyramidTNT"" significantly improves the original TNT by establishing hierarchical representations. PyramidTNT achieves better performances than the previous state-of-the-art vision transformers such as Swin Transformer. We hope this new baseline will be helpful to the further research and application of vision transformer. Code will be available at https://github.com/huawei-noah/CV-Backbones/tree/master/tnt_pytorch.",2022-01-04T04:56:57Z,"Kai Han, Jianyuan Guo, Yehui Tang, Yunhe Wang",https://arxiv.org/pdf/2201.00978v1
2104.11502v1,Learning to Cluster Faces via Transformer,"Face clustering is a useful tool for applications like automatic face annotation and retrieval. The main challenge is that it is difficult to cluster images from the same identity with different face poses, occlusions, and image quality. Traditional clustering methods usually ignore the relationship between individual images and their neighbors which may contain useful context information. In this paper, we repurpose the well-known Transformer and introduce a Face Transformer for supervised face clustering. In Face Transformer, we decompose the face clustering into two steps: relation encoding and linkage predicting. Specifically, given a face image, a \textbf{relation encoder} module aggregates local context information from its neighbors and a \textbf{linkage predictor} module judges whether a pair of images belong to the same cluster or not. In the local linkage graph view, Face Transformer can generate more robust node and edge representations compared to existing methods. Experiments on both MS-Celeb-1M and DeepFashion show that our method achieves state-of-the-art performance, e.g., 91.12\% in pairwise F-score on MS-Celeb-1M.",2021-04-23T09:43:36Z,"Jinxing Ye, Xioajiang Peng, Baigui Sun, Kai Wang, Xiuyu Sun, Hao Li, Hanqing Wu",https://arxiv.org/pdf/2104.11502v1
2404.05657v1,MLP Can Be A Good Transformer Learner,"Self-attention mechanism is the key of the Transformer but often criticized for its computation demands. Previous token pruning works motivate their methods from the view of computation redundancy but still need to load the full network and require same memory costs. This paper introduces a novel strategy that simplifies vision transformers and reduces computational load through the selective removal of non-essential attention layers, guided by entropy considerations. We identify that regarding the attention layer in bottom blocks, their subsequent MLP layers, i.e. two feed-forward layers, can elicit the same entropy quantity. Meanwhile, the accompanied MLPs are under-exploited since they exhibit smaller feature entropy compared to those MLPs in the top blocks. Therefore, we propose to integrate the uninformative attention layers into their subsequent counterparts by degenerating them into identical mapping, yielding only MLP in certain transformer blocks. Experimental results on ImageNet-1k show that the proposed method can remove 40% attention layer of DeiT-B, improving throughput and memory bound without performance compromise. Code is available at https://github.com/sihaoevery/lambda_vit.",2024-04-08T16:40:15Z,"Sihao Lin, Pumeng Lyu, Dongrui Liu, Tao Tang, Xiaodan Liang, Andy Song, Xiaojun Chang",https://arxiv.org/pdf/2404.05657v1
1809.04281v3,Music Transformer,"Music relies heavily on repetition to build structure and meaning. Self-reference occurs on multiple timescales, from motifs to phrases to reusing of entire sections of music, such as in pieces with ABA structure. The Transformer (Vaswani et al., 2017), a sequence model based on self-attention, has achieved compelling results in many generation tasks that require maintaining long-range coherence. This suggests that self-attention might also be well-suited to modeling music. In musical composition and performance, however, relative timing is critically important. Existing approaches for representing relative positional information in the Transformer modulate attention based on pairwise distance (Shaw et al., 2018). This is impractical for long sequences such as musical compositions since their memory complexity for intermediate relative information is quadratic in the sequence length. We propose an algorithm that reduces their intermediate memory requirement to linear in the sequence length. This enables us to demonstrate that a Transformer with our modified relative attention mechanism can generate minute-long compositions (thousands of steps, four times the length modeled in Oore et al., 2018) with compelling structure, generate continuations that coherently elaborate on a given motif, and in a seq2seq setup generate accompaniments conditioned on melodies. We evaluate the Transformer with our relative attention mechanism on two datasets, JSB Chorales and Piano-e-Competition, and obtain state-of-the-art results on the latter.",2018-09-12T07:15:26Z,"Cheng-Zhi Anna Huang, Ashish Vaswani, Jakob Uszkoreit, Noam Shazeer, Ian Simon, Curtis Hawthorne, Andrew M. Dai, Matthew D. Hoffman, Monica Dinculescu, Douglas Eck",https://arxiv.org/pdf/1809.04281v3
2212.14538v2,Transformer in Transformer as Backbone for Deep Reinforcement Learning,"Designing better deep networks and better reinforcement learning (RL) algorithms are both important for deep RL. This work focuses on the former. Previous methods build the network with several modules like CNN, LSTM and Attention. Recent methods combine the Transformer with these modules for better performance. However, it requires tedious optimization skills to train a network composed of mixed modules, making these methods inconvenient to be used in practice. In this paper, we propose to design \emph{pure Transformer-based networks} for deep RL, aiming at providing off-the-shelf backbones for both the online and offline settings. Specifically, the Transformer in Transformer (TIT) backbone is proposed, which cascades two Transformers in a very natural way: the inner one is used to process a single observation, while the outer one is responsible for processing the observation history; combining both is expected to extract spatial-temporal representations for good decision-making. Experiments show that TIT can achieve satisfactory performance in different settings consistently.",2022-12-30T03:50:38Z,"Hangyu Mao, Rui Zhao, Hao Chen, Jianye Hao, Yiqun Chen, Dong Li, Junge Zhang, Zhen Xiao",https://arxiv.org/pdf/2212.14538v2
2206.10552v2,Vicinity Vision Transformer,"Vision transformers have shown great success on numerous computer vision tasks. However, its central component, softmax attention, prohibits vision transformers from scaling up to high-resolution images, due to both the computational complexity and memory footprint being quadratic. Although linear attention was introduced in natural language processing (NLP) tasks to mitigate a similar issue, directly applying existing linear attention to vision transformers may not lead to satisfactory results. We investigate this problem and find that computer vision tasks focus more on local information compared with NLP tasks. Based on this observation, we present a Vicinity Attention that introduces a locality bias to vision transformers with linear complexity. Specifically, for each image patch, we adjust its attention weight based on its 2D Manhattan distance measured by its neighbouring patches. In this case, the neighbouring patches will receive stronger attention than far-away patches. Moreover, since our Vicinity Attention requires the token length to be much larger than the feature dimension to show its efficiency advantages, we further propose a new Vicinity Vision Transformer (VVT) structure to reduce the feature dimension without degenerating the accuracy. We perform extensive experiments on the CIFAR100, ImageNet1K, and ADE20K datasets to validate the effectiveness of our method. Our method has a slower growth rate of GFlops than previous transformer-based and convolution-based networks when the input resolution increases. In particular, our approach achieves state-of-the-art image classification accuracy with 50% fewer parameters than previous methods.",2022-06-21T17:33:53Z,"Weixuan Sun, Zhen Qin, Hui Deng, Jianyuan Wang, Yi Zhang, Kaihao Zhang, Nick Barnes, Stan Birchfield, Lingpeng Kong, Yiran Zhong",https://arxiv.org/pdf/2206.10552v2
2303.00957v1,Preference Transformer: Modeling Human Preferences using Transformers for RL,"Preference-based reinforcement learning (RL) provides a framework to train agents using human preferences between two behaviors. However, preference-based RL has been challenging to scale since it requires a large amount of human feedback to learn a reward function aligned with human intent. In this paper, we present Preference Transformer, a neural architecture that models human preferences using transformers. Unlike prior approaches assuming human judgment is based on the Markovian rewards which contribute to the decision equally, we introduce a new preference model based on the weighted sum of non-Markovian rewards. We then design the proposed preference model using a transformer architecture that stacks causal and bidirectional self-attention layers. We demonstrate that Preference Transformer can solve a variety of control tasks using real human preferences, while prior approaches fail to work. We also show that Preference Transformer can induce a well-specified reward and attend to critical events in the trajectory by automatically capturing the temporal dependencies in human decision-making. Code is available on the project website: https://sites.google.com/view/preference-transformer.",2023-03-02T04:24:29Z,"Changyeon Kim, Jongjin Park, Jinwoo Shin, Honglak Lee, Pieter Abbeel, Kimin Lee",https://arxiv.org/pdf/2303.00957v1
2305.11403v5,Efficient Mixed Transformer for Single Image Super-Resolution,"Recently, Transformer-based methods have achieved impressive results in single image super-resolution (SISR). However, the lack of locality mechanism and high complexity limit their application in the field of super-resolution (SR). To solve these problems, we propose a new method, Efficient Mixed Transformer (EMT) in this study. Specifically, we propose the Mixed Transformer Block (MTB), consisting of multiple consecutive transformer layers, in some of which the Pixel Mixer (PM) is used to replace the Self-Attention (SA). PM can enhance the local knowledge aggregation with pixel shifting operations. At the same time, no additional complexity is introduced as PM has no parameters and floating-point operations. Moreover, we employ striped window for SA (SWSA) to gain an efficient global dependency modelling by utilizing image anisotropy. Experimental results show that EMT outperforms the existing methods on benchmark dataset and achieved state-of-the-art performance. The Code is available at https://github.com/Fried-Rice-Lab/FriedRiceLab.",2023-05-19T03:19:38Z,"Ling Zheng, Jinchen Zhu, Jinpeng Shi, Shizhuang Weng",https://arxiv.org/pdf/2305.11403v5
2402.05964v2,A Survey on Transformer Compression,"Transformer plays a vital role in the realms of natural language processing (NLP) and computer vision (CV), specially for constructing large language models (LLM) and large vision models (LVM). Model compression methods reduce the memory and computational cost of Transformer, which is a necessary step to implement large language/vision models on practical devices. Given the unique architecture of Transformer, featuring alternative attention and feedforward neural network (FFN) modules, specific compression techniques are usually required. The efficiency of these compression methods is also paramount, as retraining large models on the entire training dataset is usually impractical. This survey provides a comprehensive review of recent compression methods, with a specific focus on their application to Transformer-based models. The compression methods are primarily categorized into pruning, quantization, knowledge distillation, and efficient architecture design (Mamba, RetNet, RWKV, etc.). In each category, we discuss compression methods for both language and vision tasks, highlighting common underlying principles. Finally, we delve into the relation between various compression methods, and discuss further directions in this domain.",2024-02-05T12:16:28Z,"Yehui Tang, Yunhe Wang, Jianyuan Guo, Zhijun Tu, Kai Han, Hailin Hu, Dacheng Tao",https://arxiv.org/pdf/2402.05964v2
2106.02277v1,Glance-and-Gaze Vision Transformer,"Recently, there emerges a series of vision Transformers, which show superior performance with a more compact model size than conventional convolutional neural networks, thanks to the strong ability of Transformers to model long-range dependencies. However, the advantages of vision Transformers also come with a price: Self-attention, the core part of Transformer, has a quadratic complexity to the input sequence length. This leads to a dramatic increase of computation and memory cost with the increase of sequence length, thus introducing difficulties when applying Transformers to the vision tasks that require dense predictions based on high-resolution feature maps. In this paper, we propose a new vision Transformer, named Glance-and-Gaze Transformer (GG-Transformer), to address the aforementioned issues. It is motivated by the Glance and Gaze behavior of human beings when recognizing objects in natural scenes, with the ability to efficiently model both long-range dependencies and local context. In GG-Transformer, the Glance and Gaze behavior is realized by two parallel branches: The Glance branch is achieved by performing self-attention on the adaptively-dilated partitions of the input, which leads to a linear complexity while still enjoying a global receptive field; The Gaze branch is implemented by a simple depth-wise convolutional layer, which compensates local image context to the features obtained by the Glance mechanism. We empirically demonstrate our method achieves consistently superior performance over previous state-of-the-art Transformers on various vision tasks and benchmarks. The codes and models will be made available at https://github.com/yucornetto/GG-Transformer.",2021-06-04T06:13:47Z,"Qihang Yu, Yingda Xia, Yutong Bai, Yongyi Lu, Alan Yuille, Wei Shen",https://arxiv.org/pdf/2106.02277v1
2505.11918v2,Transformers as Unsupervised Learning Algorithms: A study on Gaussian Mixtures,"The transformer architecture has demonstrated remarkable capabilities in modern artificial intelligence, among which the capability of implicitly learning an internal model during inference time is widely believed to play a key role in the under standing of pre-trained large language models. However, most recent works have been focusing on studying supervised learning topics such as in-context learning, leaving the field of unsupervised learning largely unexplored. This paper investigates the capabilities of transformers in solving Gaussian Mixture Models (GMMs), a fundamental unsupervised learning problem through the lens of statistical estimation. We propose a transformer-based learning framework called TGMM that simultaneously learns to solve multiple GMM tasks using a shared transformer backbone. The learned models are empirically demonstrated to effectively mitigate the limitations of classical methods such as Expectation-Maximization (EM) or spectral algorithms, at the same time exhibit reasonable robustness to distribution shifts. Theoretically, we prove that transformers can approximate both the EM algorithm and a core component of spectral methods (cubic tensor power iterations). These results bridge the gap between practical success and theoretical understanding, positioning transformers as versatile tools for unsupervised learning.",2025-05-17T09:02:18Z,"Zhiheng Chen, Ruofan Wu, Guanhua Fang",https://arxiv.org/pdf/2505.11918v2
2305.14858v2,Pre-RMSNorm and Pre-CRMSNorm Transformers: Equivalent and Efficient Pre-LN Transformers,"Transformers have achieved great success in machine learning applications. Normalization techniques, such as Layer Normalization (LayerNorm, LN) and Root Mean Square Normalization (RMSNorm), play a critical role in accelerating and stabilizing the training of Transformers. While LayerNorm recenters and rescales input vectors, RMSNorm only rescales the vectors by their RMS value. Despite being more computationally efficient, RMSNorm may compromise the representation ability of Transformers. There is currently no consensus regarding the preferred normalization technique, as some models employ LayerNorm while others utilize RMSNorm, especially in recent large language models. It is challenging to convert Transformers with one normalization to the other type. While there is an ongoing disagreement between the two normalization types, we propose a solution to unify two mainstream Transformer architectures, Pre-LN and Pre-RMSNorm Transformers. By removing the inherent redundant mean information in the main branch of Pre-LN Transformers, we can reduce LayerNorm to RMSNorm, achieving higher efficiency. We further propose the Compressed RMSNorm (CRMSNorm) and Pre-CRMSNorm Transformer based on a lossless compression of the zero-mean vectors. We formally establish the equivalence of Pre-LN, Pre-RMSNorm, and Pre-CRMSNorm Transformer variants in both training and inference. It implies that Pre-LN Transformers can be substituted with Pre-(C)RMSNorm counterparts at almost no cost, offering the same arithmetic functionality along with free efficiency improvement. Experiments demonstrate that we can reduce the training and inference time of Pre-LN Transformers by 1% - 10%.",2023-05-24T08:08:26Z,"Zixuan Jiang, Jiaqi Gu, Hanqing Zhu, David Z. Pan",https://arxiv.org/pdf/2305.14858v2
2411.16170v2,CARE Transformer: Mobile-Friendly Linear Visual Transformer via Decoupled Dual Interaction,"Recently, large efforts have been made to design efficient linear-complexity visual Transformers. However, current linear attention models are generally unsuitable to be deployed in resource-constrained mobile devices, due to suffering from either few efficiency gains or significant accuracy drops. In this paper, we propose a new de\textbf{C}oupled du\textbf{A}l-interactive linea\textbf{R} att\textbf{E}ntion (CARE) mechanism, revealing that features' decoupling and interaction can fully unleash the power of linear attention. We first propose an asymmetrical feature decoupling strategy that asymmetrically decouples the learning process for local inductive bias and long-range dependencies, thereby preserving sufficient local and global information while effectively enhancing the efficiency of models. Then, a dynamic memory unit is employed to maintain critical information along the network pipeline. Moreover, we design a dual interaction module to effectively facilitate interaction between local inductive bias and long-range information as well as among features at different layers. By adopting a decoupled learning way and fully exploiting complementarity across features, our method can achieve both high efficiency and accuracy. Extensive experiments on ImageNet-1K, COCO, and ADE20K datasets demonstrate the effectiveness of our approach, e.g., achieving $78.4/82.1\%$ top-1 accuracy on ImagegNet-1K at the cost of only $0.7/1.9$ GMACs. Codes will be released on \href{https://github.com/zhouyuan888888/CARE-Transformer}{https://github.com/zhouyuan888888/CARE-Transformer}.",2024-11-25T07:56:13Z,"Yuan Zhou, Qingshan Xu, Jiequan Cui, Junbao Zhou, Jing Zhang, Richang Hong, Hanwang Zhang",https://arxiv.org/pdf/2411.16170v2
2308.16552v1,Prompt-enhanced Hierarchical Transformer Elevating Cardiopulmonary Resuscitation Instruction via Temporal Action Segmentation,"The vast majority of people who suffer unexpected cardiac arrest are performed cardiopulmonary resuscitation (CPR) by passersby in a desperate attempt to restore life, but endeavors turn out to be fruitless on account of disqualification. Fortunately, many pieces of research manifest that disciplined training will help to elevate the success rate of resuscitation, which constantly desires a seamless combination of novel techniques to yield further advancement. To this end, we collect a custom CPR video dataset in which trainees make efforts to behave resuscitation on mannequins independently in adherence to approved guidelines, thereby devising an auxiliary toolbox to assist supervision and rectification of intermediate potential issues via modern deep learning methodologies. Our research empirically views this problem as a temporal action segmentation (TAS) task in computer vision, which aims to segment an untrimmed video at a frame-wise level. Here, we propose a Prompt-enhanced hierarchical Transformer (PhiTrans) that integrates three indispensable modules, including a textual prompt-based Video Features Extractor (VFE), a transformer-based Action Segmentation Executor (ASE), and a regression-based Prediction Refinement Calibrator (PRC). The backbone of the model preferentially derives from applications in three approved public datasets (GTEA, 50Salads, and Breakfast) collected for TAS tasks, which accounts for the excavation of the segmentation pipeline on the CPR dataset. In general, we unprecedentedly probe into a feasible pipeline that genuinely elevates the CPR instruction qualification via action segmentation in conjunction with cutting-edge deep learning techniques. Associated experiments advocate our implementation with multiple metrics surpassing 91.0%.",2023-08-31T08:43:52Z,"Yang Liu, Xiaoyun Zhong, Shiyao Zhai, Zhicheng Du, Zhenyuan Gao, Qiming Huang, Canyang Zhang, Bin Jiang, Vijay Kumar Pandey, Sanyang Han, Runming Wang, Yuxing Han, Peiwu Qin",https://arxiv.org/pdf/2308.16552v1
2505.24717v1,PDE-Transformer: Efficient and Versatile Transformers for Physics Simulations,"We introduce PDE-Transformer, an improved transformer-based architecture for surrogate modeling of physics simulations on regular grids. We combine recent architectural improvements of diffusion transformers with adjustments specific for large-scale simulations to yield a more scalable and versatile general-purpose transformer architecture, which can be used as the backbone for building large-scale foundation models in physical sciences. We demonstrate that our proposed architecture outperforms state-of-the-art transformer architectures for computer vision on a large dataset of 16 different types of PDEs. We propose to embed different physical channels individually as spatio-temporal tokens, which interact via channel-wise self-attention. This helps to maintain a consistent information density of tokens when learning multiple types of PDEs simultaneously. We demonstrate that our pre-trained models achieve improved performance on several challenging downstream tasks compared to training from scratch and also beat other foundation model architectures for physics simulations.",2025-05-30T15:39:54Z,"Benjamin Holzschuh, Qiang Liu, Georg Kohl, Nils Thuerey",https://arxiv.org/pdf/2505.24717v1
2503.21686v2,Molecular Quantum Transformer,"The Transformer model, renowned for its powerful attention mechanism, has achieved state-of-the-art performance in various artificial intelligence tasks but faces challenges such as high computational cost and memory usage. Researchers are exploring quantum computing to enhance the Transformer's design, though it still shows limited success with classical data. With a growing focus on leveraging quantum machine learning for quantum data, particularly in quantum chemistry, we propose the Molecular Quantum Transformer (MQT) for modeling interactions in molecular quantum systems. By utilizing quantum circuits to implement the attention mechanism on the molecular configurations, MQT can efficiently calculate ground-state energies for all configurations. Numerical demonstrations show that in calculating ground-state energies for H2, LiH, BeH2, and H4, MQT outperforms the classical Transformer, highlighting the promise of quantum effects in Transformer structures. Furthermore, its pretraining capability on diverse molecular data facilitates the efficient learning of new molecules, extending its applicability to complex molecular systems with minimal additional effort. Our method offers an alternative to existing quantum algorithms for estimating ground-state energies, opening new avenues in quantum chemistry and materials science.",2025-03-27T16:54:15Z,"Yuichi Kamata, Quoc Hoan Tran, Yasuhiro Endo, Hirotaka Oshima",https://arxiv.org/pdf/2503.21686v2
2407.01290v2,Hypformer: Exploring Efficient Transformer Fully in Hyperbolic Space,"Hyperbolic geometry have shown significant potential in modeling complex structured data, particularly those with underlying tree-like and hierarchical structures. Despite the impressive performance of various hyperbolic neural networks across numerous domains, research on adapting the Transformer to hyperbolic space remains limited. Previous attempts have mainly focused on modifying self-attention modules in the Transformer. However, these efforts have fallen short of developing a complete hyperbolic Transformer. This stems primarily from: (i) the absence of well-defined modules in hyperbolic space, including linear transformation layers, LayerNorm layers, activation functions, dropout operations, etc. (ii) the quadratic time complexity of the existing hyperbolic self-attention module w.r.t the number of input tokens, which hinders its scalability. To address these challenges, we propose, Hypformer, a novel hyperbolic Transformer based on the Lorentz model of hyperbolic geometry. In Hypformer, we introduce two foundational blocks that define the essential modules of the Transformer in hyperbolic space. Furthermore, we develop a linear self-attention mechanism in hyperbolic space, enabling hyperbolic Transformer to process billion-scale graph data and long-sequence inputs for the first time. Our experimental results confirm the effectiveness and efficiency of Hypformer across various datasets, demonstrating its potential as an effective and scalable solution for large-scale data representation and large models.",2024-07-01T13:44:38Z,"Menglin Yang, Harshit Verma, Delvin Ce Zhang, Jiahong Liu, Irwin King, Rex Ying",https://arxiv.org/pdf/2407.01290v2
2112.12782v3,SeMask: Semantically Masked Transformers for Semantic Segmentation,"Finetuning a pretrained backbone in the encoder part of an image transformer network has been the traditional approach for the semantic segmentation task. However, such an approach leaves out the semantic context that an image provides during the encoding stage. This paper argues that incorporating semantic information of the image into pretrained hierarchical transformer-based backbones while finetuning improves the performance considerably. To achieve this, we propose SeMask, a simple and effective framework that incorporates semantic information into the encoder with the help of a semantic attention operation. In addition, we use a lightweight semantic decoder during training to provide supervision to the intermediate semantic prior maps at every stage. Our experiments demonstrate that incorporating semantic priors enhances the performance of the established hierarchical encoders with a slight increase in the number of FLOPs. We provide empirical proof by integrating SeMask into Swin Transformer and Mix Transformer backbones as our encoder paired with different decoders. Our framework achieves a new state-of-the-art of 58.25% mIoU on the ADE20K dataset and improvements of over 3% in the mIoU metric on the Cityscapes dataset. The code and checkpoints are publicly available at https://github.com/Picsart-AI-Research/SeMask-Segmentation .",2021-12-23T18:56:02Z,"Jitesh Jain, Anukriti Singh, Nikita Orlov, Zilong Huang, Jiachen Li, Steven Walton, Humphrey Shi",https://arxiv.org/pdf/2112.12782v3
2402.06492v1,Inducing Systematicity in Transformers by Attending to Structurally Quantized Embeddings,"Transformers generalize to novel compositions of structures and entities after being trained on a complex dataset, but easily overfit on datasets of insufficient complexity. We observe that when the training set is sufficiently complex, the model encodes sentences that have a common syntactic structure using a systematic attention pattern. Inspired by this observation, we propose SQ-Transformer (Structurally Quantized) that explicitly encourages systematicity in the embeddings and attention layers, even with a training set of low complexity. At the embedding level, we introduce Structure-oriented Vector Quantization (SoVQ) to cluster word embeddings into several classes of structurally equivalent entities. At the attention level, we devise the Systematic Attention Layer (SAL) and an alternative, Systematically Regularized Layer (SRL) that operate on the quantized word embeddings so that sentences of the same structure are encoded with invariant or similar attention patterns. Empirically, we show that SQ-Transformer achieves stronger compositional generalization than the vanilla Transformer on multiple low-complexity semantic parsing and machine translation datasets. In our analysis, we show that SoVQ indeed learns a syntactically clustered embedding space and SAL/SRL induces generalizable attention patterns, which lead to improved systematicity.",2024-02-09T15:53:15Z,"Yichen Jiang, Xiang Zhou, Mohit Bansal",https://arxiv.org/pdf/2402.06492v1
2407.00261v2,Generative Iris Prior Embedded Transformer for Iris Restoration,"Iris restoration from complexly degraded iris images, aiming to improve iris recognition performance, is a challenging problem. Due to the complex degradation, directly training a convolutional neural network (CNN) without prior cannot yield satisfactory results. In this work, we propose a generative iris prior embedded Transformer model (Gformer), in which we build a hierarchical encoder-decoder network employing Transformer block and generative iris prior. First, we tame Transformer blocks to model long-range dependencies in target images. Second, we pretrain an iris generative adversarial network (GAN) to obtain the rich iris prior, and incorporate it into the iris restoration process with our iris feature modulator. Our experiments demonstrate that the proposed Gformer outperforms state-of-the-art methods. Besides, iris recognition performance has been significantly improved after applying Gformer.",2024-06-28T23:20:57Z,"Yubo Huang, Jia Wang, Peipei Li, Liuyu Xiang, Peigang Li, Zhaofeng He",https://arxiv.org/pdf/2407.00261v2
2302.14017v1,Full Stack Optimization of Transformer Inference: a Survey,"Recent advances in state-of-the-art DNN architecture design have been moving toward Transformer models. These models achieve superior accuracy across a wide range of applications. This trend has been consistent over the past several years since Transformer models were originally introduced. However, the amount of compute and bandwidth required for inference of recent Transformer models is growing at a significant rate, and this has made their deployment in latency-sensitive applications challenging. As such, there has been an increased focus on making Transformer models more efficient, with methods that range from changing the architecture design, all the way to developing dedicated domain-specific accelerators. In this work, we survey different approaches for efficient Transformer inference, including: (i) analysis and profiling of the bottlenecks in existing Transformer architectures and their similarities and differences with previous convolutional models; (ii) implications of Transformer architecture on hardware, including the impact of non-linear operations such as Layer Normalization, Softmax, and GELU, as well as linear operations, on hardware design; (iii) approaches for optimizing a fixed Transformer architecture; (iv) challenges in finding the right mapping and scheduling of operations for Transformer models; and (v) approaches for optimizing Transformer models by adapting the architecture using neural architecture search. Finally, we perform a case study by applying the surveyed optimizations on Gemmini, the open-source, full-stack DNN accelerator generator, and we show how each of these approaches can yield improvements, compared to previous benchmark results on Gemmini. Among other things, we find that a full-stack co-design approach with the aforementioned methods can result in up to 88.7x speedup with a minimal performance degradation for Transformer inference.",2023-02-27T18:18:13Z,"Sehoon Kim, Coleman Hooper, Thanakul Wattanawong, Minwoo Kang, Ruohan Yan, Hasan Genc, Grace Dinh, Qijing Huang, Kurt Keutzer, Michael W. Mahoney, Yakun Sophia Shao, Amir Gholami",https://arxiv.org/pdf/2302.14017v1
2305.19533v3,Lightening-Transformer: A Dynamically-operated Optically-interconnected Photonic Transformer Accelerator,"The wide adoption and significant computing resource of attention-based transformers, e.g., Vision Transformers and large language models (LLM), have driven the demand for efficient hardware accelerators. There is a growing interest in exploring photonics as an alternative technology to digital electronics due to its high energy efficiency and ultra-fast processing speed. Photonic accelerators have shown promising results for CNNs, which mainly rely on weight-static linear operations. However, they encounter issues when efficiently supporting Transformer architectures, questioning the applicability of photonics to advanced ML tasks. The primary hurdle lies in their inefficiency in handling unique workloads in Transformers, i.e., dynamic and full-range tensor multiplication. In this work, we propose Lightening-Transformer, the first light-empowered, high-performance, and energy-efficient photonic Transformer accelerator. To overcome prior designs' fundamental limitations, we introduce a novel dynamically-operated photonic tensor core, DPTC, a crossbar array of interference-based optical vector dot-product engines supporting highly parallel, dynamic, and full-range matrix multiplication. Furthermore, we design a dedicated accelerator that integrates our novel photonic computing cores with photonic interconnects for inter-core data broadcast, fully unleashing the power of optics. Comprehensive evaluations show that ours achieves >2.6x energy and >12x latency reductions compared to prior photonic accelerators and delivers the lowest energy cost and 2 to 3 orders of magnitude lower energy-delay product compared to electronic Transformer accelerators, all while maintaining digital-comparable accuracy. Our work highlights the immense potential of photonics for advanced ML workloads, such as Transformer-backboned LLM. Our work is available at https://github.com/zhuhanqing/Lightening-Transformer.",2023-05-31T03:37:11Z,"Hanqing Zhu, Jiaqi Gu, Hanrui Wang, Zixuan Jiang, Zhekai Zhang, Rongxing Tang, Chenghao Feng, Song Han, Ray T. Chen, David Z. Pan",https://arxiv.org/pdf/2305.19533v3
2504.14092v1,Retinex-guided Histogram Transformer for Mask-free Shadow Removal,"While deep learning methods have achieved notable progress in shadow removal, many existing approaches rely on shadow masks that are difficult to obtain, limiting their generalization to real-world scenes. In this work, we propose ReHiT, an efficient mask-free shadow removal framework based on a hybrid CNN-Transformer architecture guided by Retinex theory. We first introduce a dual-branch pipeline to separately model reflectance and illumination components, and each is restored by our developed Illumination-Guided Hybrid CNN-Transformer (IG-HCT) module. Second, besides the CNN-based blocks that are capable of learning residual dense features and performing multi-scale semantic fusion, multi-scale semantic fusion, we develop the Illumination-Guided Histogram Transformer Block (IGHB) to effectively handle non-uniform illumination and spatially complex shadows. Extensive experiments on several benchmark datasets validate the effectiveness of our approach over existing mask-free methods. Trained solely on the NTIRE 2025 Shadow Removal Challenge dataset, our solution delivers competitive results with one of the smallest parameter sizes and fastest inference speeds among top-ranked entries, highlighting its applicability for real-world applications with limited computational resources. The code is available at https://github.com/dongw22/oath.",2025-04-18T22:19:40Z,"Wei Dong, Han Zhou, Seyed Amirreza Mousavi, Jun Chen",https://arxiv.org/pdf/2504.14092v1
2407.10949v2,Representing Rule-based Chatbots with Transformers,"What kind of internal mechanisms might Transformers use to conduct fluid, natural-sounding conversations? Prior work has illustrated by construction how Transformers can solve various synthetic tasks, such as sorting a list or recognizing formal languages, but it remains unclear how to extend this approach to a conversational setting. In this work, we propose using ELIZA, a classic rule-based chatbot, as a setting for formal, mechanistic analysis of Transformer-based chatbots. ELIZA allows us to formally model key aspects of conversation, including local pattern matching and long-term dialogue state tracking. We first present a theoretical construction of a Transformer that implements the ELIZA chatbot. Building on prior constructions, particularly those for simulating finite-state automata, we show how simpler mechanisms can be composed and extended to produce more sophisticated behavior. Next, we conduct a set of empirical analyses of Transformers trained on synthetically generated ELIZA conversations. Our analysis illustrates the kinds of mechanisms these models tend to prefer--for example, models favor an induction head mechanism over a more precise, position-based copying mechanism; and using intermediate generations to simulate recurrent data structures, akin to an implicit scratchpad or Chain-of-Thought. Overall, by drawing an explicit connection between neural chatbots and interpretable, symbolic mechanisms, our results provide a new framework for the mechanistic analysis of conversational agents.",2024-07-15T17:45:53Z,"Dan Friedman, Abhishek Panigrahi, Danqi Chen",https://arxiv.org/pdf/2407.10949v2
1803.01837v1,ST-GAN: Spatial Transformer Generative Adversarial Networks for Image Compositing,"We address the problem of finding realistic geometric corrections to a foreground object such that it appears natural when composited into a background image. To achieve this, we propose a novel Generative Adversarial Network (GAN) architecture that utilizes Spatial Transformer Networks (STNs) as the generator, which we call Spatial Transformer GANs (ST-GANs). ST-GANs seek image realism by operating in the geometric warp parameter space. In particular, we exploit an iterative STN warping scheme and propose a sequential training strategy that achieves better results compared to naive training of a single generator. One of the key advantages of ST-GAN is its applicability to high-resolution images indirectly since the predicted warp parameters are transferable between reference frames. We demonstrate our approach in two applications: (1) visualizing how indoor furniture (e.g. from product images) might be perceived in a room, (2) hallucinating how accessories like glasses would look when matched with real portraits.",2018-03-05T18:59:01Z,"Chen-Hsuan Lin, Ersin Yumer, Oliver Wang, Eli Shechtman, Simon Lucey",https://arxiv.org/pdf/1803.01837v1
2201.01893v3,Flow-Guided Sparse Transformer for Video Deblurring,"Exploiting similar and sharper scene patches in spatio-temporal neighborhoods is critical for video deblurring. However, CNN-based methods show limitations in capturing long-range dependencies and modeling non-local self-similarity. In this paper, we propose a novel framework, Flow-Guided Sparse Transformer (FGST), for video deblurring. In FGST, we customize a self-attention module, Flow-Guided Sparse Window-based Multi-head Self-Attention (FGSW-MSA). For each $query$ element on the blurry reference frame, FGSW-MSA enjoys the guidance of the estimated optical flow to globally sample spatially sparse yet highly related $key$ elements corresponding to the same scene patch in neighboring frames. Besides, we present a Recurrent Embedding (RE) mechanism to transfer information from past frames and strengthen long-range temporal dependencies. Comprehensive experiments demonstrate that our proposed FGST outperforms state-of-the-art (SOTA) methods on both DVD and GOPRO datasets and even yields more visually pleasing results in real video deblurring. Code and pre-trained models are publicly available at https://github.com/linjing7/VR-Baseline",2022-01-06T02:05:32Z,"Jing Lin, Yuanhao Cai, Xiaowan Hu, Haoqian Wang, Youliang Yan, Xueyi Zou, Henghui Ding, Yulun Zhang, Radu Timofte, Luc Van Gool",https://arxiv.org/pdf/2201.01893v3
2205.10102v3,Degradation-Aware Unfolding Half-Shuffle Transformer for Spectral Compressive Imaging,"In coded aperture snapshot spectral compressive imaging (CASSI) systems, hyperspectral image (HSI) reconstruction methods are employed to recover the spatial-spectral signal from a compressed measurement. Among these algorithms, deep unfolding methods demonstrate promising performance but suffer from two issues. Firstly, they do not estimate the degradation patterns and ill-posedness degree from the highly related CASSI to guide the iterative learning. Secondly, they are mainly CNN-based, showing limitations in capturing long-range dependencies. In this paper, we propose a principled Degradation-Aware Unfolding Framework (DAUF) that estimates parameters from the compressed image and physical mask, and then uses these parameters to control each iteration. Moreover, we customize a novel Half-Shuffle Transformer (HST) that simultaneously captures local contents and non-local dependencies. By plugging HST into DAUF, we establish the first Transformer-based deep unfolding method, Degradation-Aware Unfolding Half-Shuffle Transformer (DAUHST), for HSI reconstruction. Experiments show that DAUHST significantly surpasses state-of-the-art methods while requiring cheaper computational and memory costs. Code and models will be released at https://github.com/caiyuanhao1998/MST",2022-05-20T11:37:44Z,"Yuanhao Cai, Jing Lin, Haoqian Wang, Xin Yuan, Henghui Ding, Yulun Zhang, Radu Timofte, Luc Van Gool",https://arxiv.org/pdf/2205.10102v3
2305.18415v3,Geometric Algebra Transformer,"Problems involving geometric data arise in physics, chemistry, robotics, computer vision, and many other fields. Such data can take numerous forms, for instance points, direction vectors, translations, or rotations, but to date there is no single architecture that can be applied to such a wide variety of geometric types while respecting their symmetries. In this paper we introduce the Geometric Algebra Transformer (GATr), a general-purpose architecture for geometric data. GATr represents inputs, outputs, and hidden states in the projective geometric (or Clifford) algebra, which offers an efficient 16-dimensional vector-space representation of common geometric objects as well as operators acting on them. GATr is equivariant with respect to E(3), the symmetry group of 3D Euclidean space. As a Transformer, GATr is versatile, efficient, and scalable. We demonstrate GATr in problems from n-body modeling to wall-shear-stress estimation on large arterial meshes to robotic motion planning. GATr consistently outperforms both non-geometric and equivariant baselines in terms of error, data efficiency, and scalability.",2023-05-28T18:48:50Z,"Johann Brehmer, Pim de Haan, Sönke Behrends, Taco Cohen",https://arxiv.org/pdf/2305.18415v3
2301.09869v2,Image Super-Resolution using Efficient Striped Window Transformer,"Transformers have achieved remarkable results in single-image super-resolution (SR). However, the challenge of balancing model performance and complexity has hindered their application in lightweight SR (LSR). To tackle this challenge, we propose an efficient striped window transformer (ESWT). We revisit the normalization layer in the transformer and design a concise and efficient transformer structure to build the ESWT. Furthermore, we introduce a striped window mechanism to model long-term dependencies more efficiently. To fully exploit the potential of the ESWT, we propose a novel flexible window training strategy that can improve the performance of the ESWT without additional cost. Extensive experiments show that ESWT outperforms state-of-the-art LSR transformers, and achieves a better trade-off between model performance and complexity. The ESWT requires fewer parameters, incurs faster inference, smaller FLOPs, and less memory consumption, making it a promising solution for LSR.",2023-01-24T09:09:35Z,"Jinpeng Shi, Hui Li, Tianle Liu, Yulong Liu, Mingjian Zhang, Jinchen Zhu, Ling Zheng, Shizhuang Weng",https://arxiv.org/pdf/2301.09869v2
2209.15001v3,Dilated Neighborhood Attention Transformer,"Transformers are quickly becoming one of the most heavily applied deep learning architectures across modalities, domains, and tasks. In vision, on top of ongoing efforts into plain transformers, hierarchical transformers have also gained significant attention, thanks to their performance and easy integration into existing frameworks. These models typically employ localized attention mechanisms, such as the sliding-window Neighborhood Attention (NA) or Swin Transformer's Shifted Window Self Attention. While effective at reducing self attention's quadratic complexity, local attention weakens two of the most desirable properties of self attention: long range inter-dependency modeling, and global receptive field. In this paper, we introduce Dilated Neighborhood Attention (DiNA), a natural, flexible and efficient extension to NA that can capture more global context and expand receptive fields exponentially at no additional cost. NA's local attention and DiNA's sparse global attention complement each other, and therefore we introduce Dilated Neighborhood Attention Transformer (DiNAT), a new hierarchical vision transformer built upon both. DiNAT variants enjoy significant improvements over strong baselines such as NAT, Swin, and ConvNeXt. Our large model is faster and ahead of its Swin counterpart by 1.6% box AP in COCO object detection, 1.4% mask AP in COCO instance segmentation, and 1.4% mIoU in ADE20K semantic segmentation. Paired with new frameworks, our large variant is the new state of the art panoptic segmentation model on COCO (58.5 PQ) and ADE20K (49.4 PQ), and instance segmentation model on Cityscapes (45.1 AP) and ADE20K (35.4 AP) (no extra data). It also matches the state of the art specialized semantic segmentation models on ADE20K (58.1 mIoU), and ranks second on Cityscapes (84.5 mIoU) (no extra data).",2022-09-29T17:57:08Z,"Ali Hassani, Humphrey Shi",https://arxiv.org/pdf/2209.15001v3
2504.14075v1,Towards Scale-Aware Low-Light Enhancement via Structure-Guided Transformer Design,"Current Low-light Image Enhancement (LLIE) techniques predominantly rely on either direct Low-Light (LL) to Normal-Light (NL) mappings or guidance from semantic features or illumination maps. Nonetheless, the intrinsic ill-posedness of LLIE and the difficulty in retrieving robust semantics from heavily corrupted images hinder their effectiveness in extremely low-light environments. To tackle this challenge, we present SG-LLIE, a new multi-scale CNN-Transformer hybrid framework guided by structure priors. Different from employing pre-trained models for the extraction of semantics or illumination maps, we choose to extract robust structure priors based on illumination-invariant edge detectors. Moreover, we develop a CNN-Transformer Hybrid Structure-Guided Feature Extractor (HSGFE) module at each scale with in the UNet encoder-decoder architecture. Besides the CNN blocks which excels in multi-scale feature extraction and fusion, we introduce a Structure-Guided Transformer Block (SGTB) in each HSGFE that incorporates structural priors to modulate the enhancement process. Extensive experiments show that our method achieves state-of-the-art performance on several LLIE benchmarks in both quantitative metrics and visual quality. Our solution ranks second in the NTIRE 2025 Low-Light Enhancement Challenge. Code is released at https://github.com/minyan8/imagine.",2025-04-18T20:57:16Z,"Wei Dong, Yan Min, Han Zhou, Jun Chen",https://arxiv.org/pdf/2504.14075v1
2203.14508v1,Stratified Transformer for 3D Point Cloud Segmentation,"3D point cloud segmentation has made tremendous progress in recent years. Most current methods focus on aggregating local features, but fail to directly model long-range dependencies. In this paper, we propose Stratified Transformer that is able to capture long-range contexts and demonstrates strong generalization ability and high performance. Specifically, we first put forward a novel key sampling strategy. For each query point, we sample nearby points densely and distant points sparsely as its keys in a stratified way, which enables the model to enlarge the effective receptive field and enjoy long-range contexts at a low computational cost. Also, to combat the challenges posed by irregular point arrangements, we propose first-layer point embedding to aggregate local information, which facilitates convergence and boosts performance. Besides, we adopt contextual relative position encoding to adaptively capture position information. Finally, a memory-efficient implementation is introduced to overcome the issue of varying point numbers in each window. Extensive experiments demonstrate the effectiveness and superiority of our method on S3DIS, ScanNetv2 and ShapeNetPart datasets. Code is available at https://github.com/dvlab-research/Stratified-Transformer.",2022-03-28T05:35:16Z,"Xin Lai, Jianhui Liu, Li Jiang, Liwei Wang, Hengshuang Zhao, Shu Liu, Xiaojuan Qi, Jiaya Jia",https://arxiv.org/pdf/2203.14508v1
2601.12039v1,Nonlinear Dynamic Factor Analysis With a Transformer Network,"The paper develops a Transformer architecture for estimating dynamic factors from multivariate time series data under flexible identification assumptions. Performance on small datasets is improved substantially by using a conventional factor model as prior information via a regularization term in the training objective. The results are interpreted with Attention matrices that quantify the relative importance of variables and their lags for the factor estimate. Time variation in Attention patterns can help detect regime switches and evaluate narratives. Monte Carlo experiments suggest that the Transformer is more accurate than the linear factor model, when the data deviate from linear-Gaussian assumptions. An empirical application uses the Transformer to construct a coincident index of U.S. real economic activity.",2026-01-17T12:59:58Z,Oliver Snellman,https://arxiv.org/pdf/2601.12039v1
2207.13861v2,DnSwin: Toward Real-World Denoising via Continuous Wavelet Sliding-Transformer,"Real-world image denoising is a practical image restoration problem that aims to obtain clean images from in-the-wild noisy inputs. Recently, the Vision Transformer (ViT) has exhibited a strong ability to capture long-range dependencies, and many researchers have attempted to apply the ViT to image denoising tasks. However, a real-world image is an isolated frame that makes the ViT build long-range dependencies based on the internal patches, which divides images into patches, disarranges noise patterns and damages gradient continuity. In this article, we propose to resolve this issue by using a continuous Wavelet Sliding-Transformer that builds frequency correspondences under real-world scenes, called DnSwin. Specifically, we first extract the bottom features from noisy input images by using a convolutional neural network (CNN) encoder. The key to DnSwin is to extract high-frequency and low-frequency information from the observed features and build frequency dependencies. To this end, we propose a Wavelet Sliding-Window Transformer (WSWT) that utilizes the discrete wavelet transform (DWT), self-attention and the inverse DWT (IDWT) to extract deep features. Finally, we reconstruct the deep features into denoised images using a CNN decoder. Both quantitative and qualitative evaluations conducted on real-world denoising benchmarks demonstrate that the proposed DnSwin performs favorably against the state-of-the-art methods.",2022-07-28T02:33:57Z,"Hao Li, Zhijing Yang, Xiaobin Hong, Ziying Zhao, Junyang Chen, Yukai Shi, Jinshan Pan",https://arxiv.org/pdf/2207.13861v2
2410.01912v1,A Spark of Vision-Language Intelligence: 2-Dimensional Autoregressive Transformer for Efficient Finegrained Image Generation,"This work tackles the information loss bottleneck of vector-quantization (VQ) autoregressive image generation by introducing a novel model architecture called the 2-Dimensional Autoregression (DnD) Transformer. The DnD-Transformer predicts more codes for an image by introducing a new autoregression direction, \textit{model depth}, along with the sequence length direction. Compared to traditional 1D autoregression and previous work utilizing similar 2D image decomposition such as RQ-Transformer, the DnD-Transformer is an end-to-end model that can generate higher quality images with the same backbone model size and sequence length, opening a new optimization perspective for autoregressive image generation. Furthermore, our experiments reveal that the DnD-Transformer's potential extends beyond generating natural images. It can even generate images with rich text and graphical elements in a self-supervised manner, demonstrating an understanding of these combined modalities. This has not been previously demonstrated for popular vision generative models such as diffusion models, showing a spark of vision-language intelligence when trained solely on images. Code, datasets and models are open at https://github.com/chenllliang/DnD-Transformer.",2024-10-02T18:10:05Z,"Liang Chen, Sinan Tan, Zefan Cai, Weichu Xie, Haozhe Zhao, Yichi Zhang, Junyang Lin, Jinze Bai, Tianyu Liu, Baobao Chang",https://arxiv.org/pdf/2410.01912v1
2210.01765v4,One Transformer Can Understand Both 2D & 3D Molecular Data,"Unlike vision and language data which usually has a unique format, molecules can naturally be characterized using different chemical formulations. One can view a molecule as a 2D graph or define it as a collection of atoms located in a 3D space. For molecular representation learning, most previous works designed neural networks only for a particular data format, making the learned models likely to fail for other data formats. We believe a general-purpose neural network model for chemistry should be able to handle molecular tasks across data modalities. To achieve this goal, in this work, we develop a novel Transformer-based Molecular model called Transformer-M, which can take molecular data of 2D or 3D formats as input and generate meaningful semantic representations. Using the standard Transformer as the backbone architecture, Transformer-M develops two separated channels to encode 2D and 3D structural information and incorporate them with the atom features in the network modules. When the input data is in a particular format, the corresponding channel will be activated, and the other will be disabled. By training on 2D and 3D molecular data with properly designed supervised signals, Transformer-M automatically learns to leverage knowledge from different data modalities and correctly capture the representations. We conducted extensive experiments for Transformer-M. All empirical results show that Transformer-M can simultaneously achieve strong performance on 2D and 3D tasks, suggesting its broad applicability. The code and models will be made publicly available at https://github.com/lsj2408/Transformer-M.",2022-10-04T17:30:31Z,"Shengjie Luo, Tianlang Chen, Yixian Xu, Shuxin Zheng, Tie-Yan Liu, Liwei Wang, Di He",https://arxiv.org/pdf/2210.01765v4
2004.13542v4,Faster Depth-Adaptive Transformers,"Depth-adaptive neural networks can dynamically adjust depths according to the hardness of input words, and thus improve efficiency. The main challenge is how to measure such hardness and decide the required depths (i.e., layers) to conduct. Previous works generally build a halting unit to decide whether the computation should continue or stop at each layer. As there is no specific supervision of depth selection, the halting unit may be under-optimized and inaccurate, which results in suboptimal and unstable performance when modeling sentences. In this paper, we get rid of the halting unit and estimate the required depths in advance, which yields a faster depth-adaptive model. Specifically, two approaches are proposed to explicitly measure the hardness of input words and estimate corresponding adaptive depth, namely 1) mutual information (MI) based estimation and 2) reconstruction loss based estimation. We conduct experiments on the text classification task with 24 datasets in various sizes and domains. Results confirm that our approaches can speed up the vanilla Transformer (up to 7x) while preserving high accuracy. Moreover, efficiency and robustness are significantly improved when compared with other depth-adaptive approaches.",2020-04-27T15:08:10Z,"Yijin Liu, Fandong Meng, Jie Zhou, Yufeng Chen, Jinan Xu",https://arxiv.org/pdf/2004.13542v4
2403.06536v1,Multi-Scale Implicit Transformer with Re-parameterize for Arbitrary-Scale Super-Resolution,"Recently, the methods based on implicit neural representations have shown excellent capabilities for arbitrary-scale super-resolution (ASSR). Although these methods represent the features of an image by generating latent codes, these latent codes are difficult to adapt for different magnification factors of super-resolution, which seriously affects their performance. Addressing this, we design Multi-Scale Implicit Transformer (MSIT), consisting of an Multi-scale Neural Operator (MSNO) and Multi-Scale Self-Attention (MSSA). Among them, MSNO obtains multi-scale latent codes through feature enhancement, multi-scale characteristics extraction, and multi-scale characteristics merging. MSSA further enhances the multi-scale characteristics of latent codes, resulting in better performance. Furthermore, to improve the performance of network, we propose the Re-Interaction Module (RIM) combined with the cumulative training strategy to improve the diversity of learned information for the network. We have systematically introduced multi-scale characteristics for the first time in ASSR, extensive experiments are performed to validate the effectiveness of MSIT, and our method achieves state-of-the-art performance in arbitrary super-resolution tasks.",2024-03-11T09:23:20Z,"Jinchen Zhu, Mingjian Zhang, Ling Zheng, Shizhuang Weng",https://arxiv.org/pdf/2403.06536v1
2304.03635v1,A2J-Transformer: Anchor-to-Joint Transformer Network for 3D Interacting Hand Pose Estimation from a Single RGB Image,"3D interacting hand pose estimation from a single RGB image is a challenging task, due to serious self-occlusion and inter-occlusion towards hands, confusing similar appearance patterns between 2 hands, ill-posed joint position mapping from 2D to 3D, etc.. To address these, we propose to extend A2J-the state-of-the-art depth-based 3D single hand pose estimation method-to RGB domain under interacting hand condition. Our key idea is to equip A2J with strong local-global aware ability to well capture interacting hands' local fine details and global articulated clues among joints jointly. To this end, A2J is evolved under Transformer's non-local encoding-decoding framework to build A2J-Transformer. It holds 3 main advantages over A2J. First, self-attention across local anchor points is built to make them global spatial context aware to better capture joints' articulation clues for resisting occlusion. Secondly, each anchor point is regarded as learnable query with adaptive feature learning for facilitating pattern fitting capacity, instead of having the same local representation with the others. Last but not least, anchor point locates in 3D space instead of 2D as in A2J, to leverage 3D pose prediction. Experiments on challenging InterHand 2.6M demonstrate that, A2J-Transformer can achieve state-of-the-art model-free performance (3.38mm MPJPE advancement in 2-hand case) and can also be applied to depth domain with strong generalization.",2023-04-07T13:30:36Z,"Changlong Jiang, Yang Xiao, Cunlin Wu, Mingyang Zhang, Jinghong Zheng, Zhiguo Cao, Joey Tianyi Zhou",https://arxiv.org/pdf/2304.03635v1
2109.05566v2,PQ-Transformer: Jointly Parsing 3D Objects and Layouts from Point Clouds,"3D scene understanding from point clouds plays a vital role for various robotic applications. Unfortunately, current state-of-the-art methods use separate neural networks for different tasks like object detection or room layout estimation. Such a scheme has two limitations: 1) Storing and running several networks for different tasks are expensive for typical robotic platforms. 2) The intrinsic structure of separate outputs are ignored and potentially violated. To this end, we propose the first transformer architecture that predicts 3D objects and layouts simultaneously, using point cloud inputs. Unlike existing methods that either estimate layout keypoints or edges, we directly parameterize room layout as a set of quads. As such, the proposed architecture is termed as P(oint)Q(uad)-Transformer. Along with the novel quad representation, we propose a tailored physical constraint loss function that discourages object-layout interference. The quantitative and qualitative evaluations on the public benchmark ScanNet show that the proposed PQ-Transformer succeeds to jointly parse 3D objects and layouts, running at a quasi-real-time (8.91 FPS) rate without efficiency-oriented optimization. Moreover, the new physical constraint loss can improve strong baselines, and the F1-score of the room layout is significantly promoted from 37.9% to 57.9%.",2021-09-12T17:31:59Z,"Xiaoxue Chen, Hao Zhao, Guyue Zhou, Ya-Qin Zhang",https://arxiv.org/pdf/2109.05566v2
2108.07249v1,BloomNet: A Robust Transformer based model for Bloom's Learning Outcome Classification,"Bloom taxonomy is a common paradigm for categorizing educational learning objectives into three learning levels: cognitive, affective, and psychomotor. For the optimization of educational programs, it is crucial to design course learning outcomes (CLOs) according to the different cognitive levels of Bloom Taxonomy. Usually, administrators of the institutions manually complete the tedious work of mapping CLOs and examination questions to Bloom taxonomy levels. To address this issue, we propose a transformer-based model named BloomNet that captures linguistic as well semantic information to classify the course learning outcomes (CLOs). We compare BloomNet with a diverse set of basic as well as strong baselines and we observe that our model performs better than all the experimented baselines. Further, we also test the generalization capability of BloomNet by evaluating it on different distributions which our model does not encounter during training and we observe that our model is less susceptible to distribution shift compared to the other considered models. We support our findings by performing extensive result analysis. In ablation study we observe that on explicitly encapsulating the linguistic information along with semantic information improves the model on IID (independent and identically distributed) performance as well as OOD (out-of-distribution) generalization capability.",2021-08-16T17:31:44Z,"Abdul Waheed, Muskan Goyal, Nimisha Mittal, Deepak Gupta, Ashish Khanna, Moolchand Sharma",https://arxiv.org/pdf/2108.07249v1
2602.08216v2,Thermodynamic Isomorphism of Transformers: A Lagrangian Approach to Attention Dynamics,"We propose an effective field-theoretic framework for analyzing Transformer attention through a thermodynamic lens. By constructing a Lagrangian on the information manifold equipped with the Fisher metric, we show that, within the Shannon--Boltzmann entropy framework, the Softmax function arises as a stationary solution minimizing a Helmholtz free energy functional. This establishes a formal correspondence between scaled dot-product attention and canonical ensemble statistics. Extending this mapping to macroscopic observables, we define an effective specific heat associated with fluctuations of the attention energy landscape. In controlled experiments on the modular addition task ($p = 19$--$113$), we observe a robust peak in this fluctuation measure that consistently precedes the onset of generalization. While no asymptotic power-law divergence is detected in this finite-depth regime, the reproducible enhancement of energy variance suggests a critical-like crossover accompanying representational reorganization. Our framework provides a unified statistical-mechanical perspective on attention scaling, training dynamics, and positional encoding, interpreting the phenomena as emergent properties of an effective thermodynamic system rather than isolated heuristics. Although the present results indicate finite-size crossover behavior rather than a strict phase transition, they motivate further investigation into scaling limits of deep architectures through fluctuation-based observables.",2026-02-09T02:42:36Z,Gunn Kim,https://arxiv.org/pdf/2602.08216v2
2402.13572v2,AlgoFormer: An Efficient Transformer Framework with Algorithmic Structures,"Besides natural language processing, transformers exhibit extraordinary performance in solving broader applications, including scientific computing and computer vision. Previous works try to explain this from the expressive power and capability perspectives that standard transformers are capable of performing some algorithms. To empower transformers with algorithmic capabilities and motivated by the recently proposed looped transformer, we design a novel transformer framework, dubbed Algorithm Transformer (abbreviated as AlgoFormer). We provide an insight that efficient transformer architectures can be designed by leveraging prior knowledge of tasks and the underlying structure of potential algorithms. Compared with the standard transformer and vanilla looped transformer, the proposed AlgoFormer can perform efficiently in algorithm representation in some specific tasks. In particular, inspired by the structure of human-designed learning algorithms, our transformer framework consists of a pre-transformer that is responsible for task preprocessing, a looped transformer for iterative optimization algorithms, and a post-transformer for producing the desired results after post-processing. We provide theoretical evidence of the expressive power of the AlgoFormer in solving some challenging problems, mirroring human-designed algorithms. Furthermore, some theoretical and empirical results are presented to show that the designed transformer has the potential to perform algorithm representation and learning. Experimental results demonstrate the empirical superiority of the proposed transformer in that it outperforms the standard transformer and vanilla looped transformer in some specific tasks. An extensive experiment on real language tasks (e.g., neural machine translation of German and English, and text classification) further validates the expressiveness and effectiveness of AlgoFormer.",2024-02-21T07:07:54Z,"Yihang Gao, Chuanyang Zheng, Enze Xie, Han Shi, Tianyang Hu, Yu Li, Michael K. Ng, Zhenguo Li, Zhaoqiang Liu",https://arxiv.org/pdf/2402.13572v2
2405.15310v5,Spectraformer: A Unified Random Feature Framework for Transformer,"Linearization of attention using various kernel approximation and kernel learning techniques has shown promise. Past methods used a subset of combinations of component functions and weight matrices within the random feature paradigm. We identify the need for a systematic comparison of different combinations of weight matrices and component functions for attention learning in Transformer. Hence, we introduce Spectraformer, a unified framework for approximating and learning the kernel function in the attention mechanism of the Transformer. Our empirical results demonstrate, for the first time, that a random feature-based approach can achieve performance comparable to top-performing sparse and low-rank methods on the challenging Long Range Arena benchmark. Thus, we establish a new state-of-the-art for random feature-based efficient Transformers. The framework also produces many variants that offer different advantages in accuracy, training time, and memory consumption. Our code is available at: https://github.com/cruiseresearchgroup/spectraformer .",2024-05-24T07:52:53Z,"Duke Nguyen, Du Yin, Aditya Joshi, Flora Salim",https://arxiv.org/pdf/2405.15310v5
2204.07908v1,MST++: Multi-stage Spectral-wise Transformer for Efficient Spectral Reconstruction,"Existing leading methods for spectral reconstruction (SR) focus on designing deeper or wider convolutional neural networks (CNNs) to learn the end-to-end mapping from the RGB image to its hyperspectral image (HSI). These CNN-based methods achieve impressive restoration performance while showing limitations in capturing the long-range dependencies and self-similarity prior. To cope with this problem, we propose a novel Transformer-based method, Multi-stage Spectral-wise Transformer (MST++), for efficient spectral reconstruction. In particular, we employ Spectral-wise Multi-head Self-attention (S-MSA) that is based on the HSI spatially sparse while spectrally self-similar nature to compose the basic unit, Spectral-wise Attention Block (SAB). Then SABs build up Single-stage Spectral-wise Transformer (SST) that exploits a U-shaped structure to extract multi-resolution contextual information. Finally, our MST++, cascaded by several SSTs, progressively improves the reconstruction quality from coarse to fine. Comprehensive experiments show that our MST++ significantly outperforms other state-of-the-art methods. In the NTIRE 2022 Spectral Reconstruction Challenge, our approach won the First place. Code and pre-trained models are publicly available at https://github.com/caiyuanhao1998/MST-plus-plus.",2022-04-17T02:39:32Z,"Yuanhao Cai, Jing Lin, Zudi Lin, Haoqian Wang, Yulun Zhang, Hanspeter Pfister, Radu Timofte, Luc Van Gool",https://arxiv.org/pdf/2204.07908v1
2106.11895v2,A Latent Transformer for Disentangled Face Editing in Images and Videos,"High quality facial image editing is a challenging problem in the movie post-production industry, requiring a high degree of control and identity preservation. Previous works that attempt to tackle this problem may suffer from the entanglement of facial attributes and the loss of the person's identity. Furthermore, many algorithms are limited to a certain task. To tackle these limitations, we propose to edit facial attributes via the latent space of a StyleGAN generator, by training a dedicated latent transformation network and incorporating explicit disentanglement and identity preservation terms in the loss function. We further introduce a pipeline to generalize our face editing to videos. Our model achieves a disentangled, controllable, and identity-preserving facial attribute editing, even in the challenging case of real (i.e., non-synthetic) images and videos. We conduct extensive experiments on image and video datasets and show that our model outperforms other state-of-the-art methods in visual quality and quantitative evaluation. Source codes are available at https://github.com/InterDigitalInc/latent-transformer.",2021-06-22T16:04:30Z,"Xu Yao, Alasdair Newson, Yann Gousseau, Pierre Hellier",https://arxiv.org/pdf/2106.11895v2
2508.10893v1,STream3R: Scalable Sequential 3D Reconstruction with Causal Transformer,"We present STream3R, a novel approach to 3D reconstruction that reformulates pointmap prediction as a decoder-only Transformer problem. Existing state-of-the-art methods for multi-view reconstruction either depend on expensive global optimization or rely on simplistic memory mechanisms that scale poorly with sequence length. In contrast, STream3R introduces an streaming framework that processes image sequences efficiently using causal attention, inspired by advances in modern language modeling. By learning geometric priors from large-scale 3D datasets, STream3R generalizes well to diverse and challenging scenarios, including dynamic scenes where traditional methods often fail. Extensive experiments show that our method consistently outperforms prior work across both static and dynamic scene benchmarks. Moreover, STream3R is inherently compatible with LLM-style training infrastructure, enabling efficient large-scale pretraining and fine-tuning for various downstream 3D tasks. Our results underscore the potential of causal Transformer models for online 3D perception, paving the way for real-time 3D understanding in streaming environments. More details can be found in our project page: https://nirvanalan.github.io/projects/stream3r.",2025-08-14T17:58:05Z,"Yushi Lan, Yihang Luo, Fangzhou Hong, Shangchen Zhou, Honghua Chen, Zhaoyang Lyu, Shuai Yang, Bo Dai, Chen Change Loy, Xingang Pan",https://arxiv.org/pdf/2508.10893v1
2105.13677v5,ResT: An Efficient Transformer for Visual Recognition,"This paper presents an efficient multi-scale vision Transformer, called ResT, that capably served as a general-purpose backbone for image recognition. Unlike existing Transformer methods, which employ standard Transformer blocks to tackle raw images with a fixed resolution, our ResT have several advantages: (1) A memory-efficient multi-head self-attention is built, which compresses the memory by a simple depth-wise convolution, and projects the interaction across the attention-heads dimension while keeping the diversity ability of multi-heads; (2) Position encoding is constructed as spatial attention, which is more flexible and can tackle with input images of arbitrary size without interpolation or fine-tune; (3) Instead of the straightforward tokenization at the beginning of each stage, we design the patch embedding as a stack of overlapping convolution operation with stride on the 2D-reshaped token map. We comprehensively validate ResT on image classification and downstream tasks. Experimental results show that the proposed ResT can outperform the recently state-of-the-art backbones by a large margin, demonstrating the potential of ResT as strong backbones. The code and models will be made publicly available at https://github.com/wofmanaf/ResT.",2021-05-28T08:53:54Z,"Qinglong Zhang, Yubin Yang",https://arxiv.org/pdf/2105.13677v5
2011.02910v4,Revisiting Stereo Depth Estimation From a Sequence-to-Sequence Perspective with Transformers,"Stereo depth estimation relies on optimal correspondence matching between pixels on epipolar lines in the left and right images to infer depth. In this work, we revisit the problem from a sequence-to-sequence correspondence perspective to replace cost volume construction with dense pixel matching using position information and attention. This approach, named STereo TRansformer (STTR), has several advantages: It 1) relaxes the limitation of a fixed disparity range, 2) identifies occluded regions and provides confidence estimates, and 3) imposes uniqueness constraints during the matching process. We report promising results on both synthetic and real-world datasets and demonstrate that STTR generalizes across different domains, even without fine-tuning.",2020-11-05T15:35:46Z,"Zhaoshuo Li, Xingtong Liu, Nathan Drenkow, Andy Ding, Francis X. Creighton, Russell H. Taylor, Mathias Unberath",https://arxiv.org/pdf/2011.02910v4
2404.03663v1,Spike-driven Transformer V2: Meta Spiking Neural Network Architecture Inspiring the Design of Next-generation Neuromorphic Chips,"Neuromorphic computing, which exploits Spiking Neural Networks (SNNs) on neuromorphic chips, is a promising energy-efficient alternative to traditional AI. CNN-based SNNs are the current mainstream of neuromorphic computing. By contrast, no neuromorphic chips are designed especially for Transformer-based SNNs, which have just emerged, and their performance is only on par with CNN-based SNNs, offering no distinct advantage. In this work, we propose a general Transformer-based SNN architecture, termed as ``Meta-SpikeFormer"", whose goals are: 1) Lower-power, supports the spike-driven paradigm that there is only sparse addition in the network; 2) Versatility, handles various vision tasks; 3) High-performance, shows overwhelming performance advantages over CNN-based SNNs; 4) Meta-architecture, provides inspiration for future next-generation Transformer-based neuromorphic chip designs. Specifically, we extend the Spike-driven Transformer in \citet{yao2023spike} into a meta architecture, and explore the impact of structure, spike-driven self-attention, and skip connection on its performance. On ImageNet-1K, Meta-SpikeFormer achieves 80.0\% top-1 accuracy (55M), surpassing the current state-of-the-art (SOTA) SNN baselines (66M) by 3.7\%. This is the first direct training SNN backbone that can simultaneously supports classification, detection, and segmentation, obtaining SOTA results in SNNs. Finally, we discuss the inspiration of the meta SNN architecture for neuromorphic chip design. Source code and models are available at \url{https://github.com/BICLab/Spike-Driven-Transformer-V2}.",2024-02-15T13:26:18Z,"Man Yao, Jiakui Hu, Tianxiang Hu, Yifan Xu, Zhaokun Zhou, Yonghong Tian, Bo Xu, Guoqi Li",https://arxiv.org/pdf/2404.03663v1
